{ "hashtags_fitness" : [
    "#gethealthy"
    ,"#healthylife"
    ,"#healthtalk"
    ,"#eatclean"
    ,"#fitfood"
    ,"#nutrition"
    ,"#fitquote"
    ,"#fitnessmotivation"
    ,"#fitspo"
    ,"#getfit"
    ,"#fitfam"
    ,"#trainhard"
    ,"#noexcuses"
    ,"#fitnessaddict"
    ,"#gymlife"
    ,"#girlswholift"
    ,"#workout"
    ,"#fitlife"
    ,"#gymlife"
    ,"#sweat" ],

  "hashtags_food" : [
    "#foodie"
    ,"#foodporn"
    ,"#foodgasm"
    ,"#nom"
    ,"#food"
    ,"#pizza"
    ,"#foodporn"
    ,"#foodstagram"
    ,"#menwhocook"
    ,"#sushi"
    ,"#yummy"
    ,"#foodcoma"
    ,"#eathealthy"
    ,"#instafood"
    ,"#delicious"
    ,"#foodpic"
    ,"#cooking"
    ,"#snack"
    ,"#tasty"
    ,"#cleaneating"],

  "hashtags_travel" : [
    "#travel"
    ,"#instatravel"
    ,"#travelgram"
    ,"#tourist"
    ,"#tourism"
    ,"#vacation"
    ,"#traveling"
    ,"#travelblogger"
    ,"#wanderlust"
    ,"#ilovetravel"
    ,"#instavacation"
    ,"#traveldeeper"
    ,"#getaway"
    ,"#wanderer"
    ,"#adventure"
    ,"#travelphotography"
    ,"#roadtrip"
    ,"#mytravelgram"
    ,"#igtravel"
    ,"#traveler"],

  "hashtags_tech" : [
    "#technology"
    ,"#science"
    ,"#bigdata"
    ,"#iphone"
    ,"#ios"
    ,"#android"
    ,"#mobile"
    ,"#video"
    ,"#design"
    ,"#innovation"
    ,"#startups"
    ,"#tech"
    ,"#cloud"
    ,"#gadget"
    ,"#instatech"
    ,"#electronic"
    ,"#device"
    ,"#techtrends"
    ,"#technews"
    ,"#engineering" ],
  "hashtags_fashion" : [
    "#fashion"
    ,"#fashionista"
    ,"#fashionblogger"
    ,"#ootd"
    ,"#style"
    ,"#stylish"
    ,"#streetstyle"
    ,"#streetwear"
    ,"#fashioninspo"
    ,"#trend"
    ,"#styleoftheday"
    ,"#stylegram"
    ,"#mensfashion"
    ,"#lookbook"
    ,"#todayiwore"
    ,"#beauty"
    ,"#makeupaddict"
    ,"#hair"
    ,"#instafashion"
    ,"#vintage"]
}
